[
  {
    "Discount": 0
  },
  {
    "category": "Монтаж кондиционеров настенного типа",
    "items": [
      {
        "service": "Монтаж кондиционера до 3,0 кВт (модели 05-10) / на проложенные трассы",
        "price": 14500,
        "oldPrice": 0
      },
      {
        "service": "Монтаж кондиционера до 4,5 кВт (модели 11-16) / на проложенные трассы",
        "price": 15500,
        "oldPrice": 0
      },
      {
        "service": "Монтаж кондиционера до 5,5 кВт (модели 18) / на проложенные трассы",
        "price": 16500,
        "oldPrice": 0
      },
      {
        "service": "Монтаж кондиционера до 7,5 кВт (модели 24) / на проложенные трассы",
        "price": 20500,
        "oldPrice": 0
      },
      {
        "service": "Монтаж кондиционера до 11 кВт (модели 30-36) / на проложенные трассы",
        "price": 24000,
        "oldPrice": 0
      },
      {
        "service": "Монтаж кондиционера с функцией притока воздуха до 5,5 кВт / на проложенные трассы",
        "price": 18000,
        "oldPrice": 0
      }
    ]
  },
  {
    "category": "Монтаж мульти сплит-систем до 9 кВт c настенными внутренними блоками",
    "items": [
      {
        "service": "Монтаж мульти сплит-систем до 7 кВт c 2 внутренними блоками / на проложенные трассы",
        "price": 23500,
        "oldPrice": 0
      },
      {
        "service": "Монтаж мульти сплит-систем 7-9 кВт c 2 внутренними блоками / на проложенные трассы",
        "price": 26500,
        "oldPrice": 0
      },
      {
        "service": "Монтаж мульти сплит-систем до 9 кВт c 3 внутренними блоками / на проложенные трассы",
        "price": 38000,
        "oldPrice": 0
      },
      {
        "service": "Монтаж мульти сплит-систем до 9 кВт c 4 внутренними блоками / на проложенные трассы",
        "price": 45000,
        "oldPrice": 0
      }
    ]
  },
  {
    "category": "Монтаж мульти сплит-систем свыше 9 кВт или с внутренними блоками полупром серии",
    "items": [
      {
        "service": "Монтаж мульти сплит-систем, внешний блок 9-10 кВт / на проложенные трассы",
        "price": 10000,
        "oldPrice": 0
      },
      {
        "service": "Монтаж мульти сплит-систем, внешний блок 11-16 кВт",
        "price": 13000,
        "oldPrice": 0
      },
      {
        "service": "Монтаж мульти сплит-систем, внутренний блок до 4,5 кВт",
        "price": 4000,
        "oldPrice": 0
      },
      {
        "service": "Монтаж мульти сплит-систем, внутренний блок до 5,5 кВт / на проложенные трассы",
        "price": 5000,
        "oldPrice": 0
      },
      {
        "service": "Монтаж мульти сплит-систем, внутренний блок до 7,5 кВт / на проложенные трассы",
        "price": 6000,
        "oldPrice": 0
      },
      {
        "service": "Монтаж мульти сплит-систем, внутренний блок до 11 кВт / на проложенные трассы",
        "price": 7000,
        "oldPrice": 0
      },
      {
        "service": "Монтаж мульти сплит-систем, внутренний блок полупром до 5 кВт / на проложенные трассы",
        "price": 4000,
        "oldPrice": 0
      },
      {
        "service": "Монтаж мульти сплит-систем, внутренний блок полупром до 10 кВт / на проложенные трассы",
        "price": 8000,
        "oldPrice": 0
      },
      {
        "service": "Монтаж блока распределителя",
        "price": 5000,
        "oldPrice": 0
      }
    ]
  },
  {
    "category": "Монтаж полупромышленных сплит систем свыше 9 кВт или с внутренними блоками полупром серии",
    "items": [
      {
        "service": "Монтаж полупромышленных сплит систем до 5 кВт",
        "price": 19000,
        "oldPrice": 0
      },
      {
        "service": "Монтаж полупромышленных сплит систем до 10 кВт",
        "price": 22500,
        "oldPrice": 0
      },
      {
        "service": "Монтаж полупромышленных сплит систем до 14 кВт",
        "price": 27000,
        "oldPrice": 0
      },
      {
        "service": "Монтаж полупромышленных сплит систем до 18 кВт",
        "price": 33500,
        "oldPrice": 0
      },
      {
        "service": "Монтаж полупромышленных сплит систем до 27 кВт",
        "price": 45000,
        "oldPrice": 0
      }
    ],
    "note": "Стоимость монтажа на проложенные трассы не включает каких-либо работ по корректировке трасс , все дополнительные работы считаются отдельно."
  },
  {
    "category": "Дополнительные работы (отдельно, без материалов, стоимость установки коробов, прокладки кабеля и т.п. рассчитывается как 50% от стоимости в прайс листе)",
    "items": [
      {
        "service": "Разметка штроб на стенах при штроблении силами заказчика (до 5м)",
        "price": 500,
        "oldPrice": 0
      },
      {
        "service": "Штробление стены под фреоновые коммуникации бетон",
        "price": 2200,
        "oldPrice": 0
      },
      {
        "service": "Штробление стены под фреоновые коммуникации кирпич(пеноблоки)",
        "price": 1100,
        "oldPrice": 0
      },
      {
        "service": "Штробление стены под дренаж бетон ",
        "price": 1000,
        "oldPrice": 0
      },
      {
        "service": "Штробление стены под дренаж кирпич(пеноблоки)",
        "price": 800,
        "oldPrice": 0
      },
      {
        "service": "Штробление стены под провод эл. питания бетон",
        "price": 750,
        "oldPrice": 0
      },
      {
        "service": "Штробление стены под провод эл. питания кирпич(пеноблоки)",
        "price": 600,
        "oldPrice": 0
      },
      {
        "service": "Установка декоративного короба под фреоновые коммуникации 60*60мм",
        "price": 500,
        "oldPrice": 0
      },
      {
        "service": "Установка декоративного короба под фреоновые коммуникации 80*50/100*60 (под заказ)",
        "price": 1000,
        "oldPrice": 0
      },
      {
        "service": "Установка декоративного короба под дренаж (без гофры)",
        "price": 200,
        "oldPrice": 0
      },
      {
        "service": "Установка декоративного короба под провод эл. питания (без кабеля)",
        "price": 150,
        "oldPrice": 0
      },
      {
        "service": "Удлинение фреоновых коммуникации > 5м (модели до 4,0кВт ( 7-9-11-12 / 20-25-35 мод ))",
        "price": 1500,
        "oldPrice": 0
      },
      {
        "service": "Удлинение фреоновых коммуникации > 5м (модели до 5,5кВт ( 14-18 / 42-50 мод ))",
        "price": 1700,
        "oldPrice": 0
      },
      {
        "service": "Удлинение фреоновых коммуникации > 5м (модели свыше 5,5кВт)",
        "price": 2000,
        "oldPrice": 0
      },
      {
        "service": "Удлинение фреоновых коммуникации > 5м (модели свыше 18,5 кВТ)",
        "price": 3000,
        "oldPrice": 0
      },
      {
        "service": "Прокладка кабеля эл. питания до 2,5мм² (свыше 3м)",
        "price": 250,
        "oldPrice": 0
      },
      {
        "service": "Прокладка кабеля эл. питания в гофре до 3*4 / 5*2,5мм² (свыше 3м)",
        "price": 400,
        "oldPrice": 0
      },
      {
        "service": "Прокладка дренажа (гофра)",
        "price": 120,
        "oldPrice": 0
      },
      {
        "service": "Прокладка дренажа (медь 1\\2)",
        "price": 800,
        "oldPrice": 0
      },
      {
        "service": "Прокладка дренажа ПВХ трубой (d32, 40) 1м/п *",
        "price": 500,
        "oldPrice": 0
      },
      {
        "service": "Прокладка дренажа для дрен. насоса (капиллярная трубка)",
        "price": 100,
        "oldPrice": 0
      },
      {
        "service": "Прокладка дренажа для дрен. насоса (медь 1\\4) насос",
        "price": 400,
        "oldPrice": 0
      },
      {
        "service": "Монтаж внешнего блока с лестницы (07-14) h(max)=8м",
        "price": 2000,
        "oldPrice": 0
      },
      {
        "service": "Монтаж внешнего блока с лестницы (18-30) h(max)=8м",
        "price": 3000,
        "oldPrice": 0
      },
      {
        "service": "Работы с лестницы при сервисном обслуживании h(max)=8м",
        "price": 1500,
        "oldPrice": 0
      },
      {
        "service": "Монтажные работы при потолках > 3,5м (каждые 5м длины коммуникаций)",
        "price": 1000,
        "oldPrice": 0
      },
      {
        "service": "Разборка-сборка потолков типа 'Армстронг' (каждые 5м длины коммуникаций)",
        "price": 1000,
        "oldPrice": 0
      },
      {
        "service": "Работы альпиниста (за 1 наружный блок) кат.1 для блоков мощностью < 4,5 кВт",
        "price": 9000,
        "oldPrice": 0
      },
      {
        "service": "Работы альпиниста (за 1 наружный блок) кат.2 ( > 4,5 кВт, выс. дома > 25 эт., сложные вент фасады)",
        "price": 15000,
        "oldPrice": 0
      },
      {
        "service": "Работы альпиниста (за 1 наружный блок) кат.3 (кат.2 + подача внешнего блока с кровли)",
        "price": 30000,
        "oldPrice": 0
      },
      {
        "service": "Демонтаж-монтаж плитки вент фасадов + отверстия на 1 внеш.бл. (в сложных случ. - индивидуально)",
        "price": 3000,
        "oldPrice": 0
      },
      {
        "service": "Монтаж внешнего блока в корзину (альпработы при необходимости считаются дополнительно)",
        "price": 3000,
        "oldPrice": 0
      },
      {
        "service": "Демонтаж/монтаж стеклопакета (S до 1м2 / свыше 1м2)",
        "price": 2000,
        "oldPrice": 0
      },
      {
        "service": "Услуги автовышки < 22м (выезд за МКАД 50 руб/км, расчет в обе стороны!)",
        "price": 17500,
        "oldPrice": 0
      },
      {
        "service": "Услуги автовышки > 28м (выезд за МКАД 50 руб/км, расчет в обе стороны!)",
        "price": 22500,
        "oldPrice": 0
      },
      {
        "service": "Въезд автовышки в центр",
        "price": 3000,
        "oldPrice": 0
      },
      {
        "service": "Парковка a/м в центре, (при отсутствии бесплатной парковки клиента)",
        "price": "по тарифу",
        "oldPrice": 0
      },
      {
        "service": "Пайка медной трубы, 1 соединение ",
        "price": 500,
        "oldPrice": 0
      },
      {
        "service": "Монтаж внешнего блока на шпильки",
        "price": 1000,
        "oldPrice": 0
      },
      {
        "service": "Подъем кондиционера на этаж (при отсутствии лифта, 1-й эт. не считается)",
        "price": 300,
        "oldPrice": 0
      },
      {
        "service": "Подъем инструмента и комплектующих на этаж (при отсутствии лифта, 1-й эт. не считается)",
        "price": 100,
        "oldPrice": 0
      },
      {
        "service": "Дополнительный выезд при 2-х этапном монтаже (однократный)",
        "price": 2000,
        "oldPrice": 0
      },
      {
        "service": "Выезд монтажной бригады за МКАД ",
        "price": 40,
        "oldPrice": 0
      },
      {
        "service": "Выезд монтажной бригады за МКАД при 2-х этапном монтаже",
        "price": 80,
        "oldPrice": 0
      }
    ]
  },
  {
    "category": "Дополнительные отверстия для прокладки коммуникаций",
    "items": [
      {
        "service": "Отверстие для фреоновых коммуникаций, бетон, наружная стена / кирпич, пеноблок",
        "price": 1000,
        "oldPrice": 0
      },
      {
        "service": "Отверстие для дренажа, бетон, наружная стена / кирпич, пеноблок",
        "price": 600,
        "oldPrice": 0
      },
      {
        "service": "Отверстие для кабеля эл. питания, бетон, наружная стена / кирпич, пеноблок",
        "price": 500,
        "oldPrice": 0
      },
      {
        "service": "Выполнение отвесртия для трассы алмазной коронкой D=52мм (толщина бетонной стены до 300 мм!)",
        "price": 2500,
        "oldPrice": 0
      },
      {
        "service": "Выполнение отвесртия для трассы алмазной коронкой D=52мм (толщина бетонной стены до 500 мм!)",
        "price": 4000,
        "oldPrice": 0
      },
      {
        "service": "При не возможности выполнения алм. бурения (по заключению монтажн бригады) - бурение выполняется станд. буром. Предупреждаем заказчиков.",
        "price": 0,
        "oldPrice": 0
      }
    ]
  },
  {
    "category": "Дренажная система",
    "items": [
      {
        "service": "Дренажный насос проточный Ballu Machine DС Pump / DС Pump Pro",
        "price": 0,
        "oldPrice": 0
      },
      {
        "service": "Установка проточного дренажного насоса",
        "price": 0,
        "oldPrice": 0
      },
      {
        "service": "Насос дренажный Ballu Machine TOP Power (накопительный, 125 л/ч) НС-1248317",
        "price": 0,
        "oldPrice": 0
      },
      {
        "service": "Установка накопительного дренажного насоса ",
        "price": 0,
        "oldPrice": 0
      },
      {
        "service": "Сифон RexFaber G-35 Mini (НС-1346962) (с установкой в подготовленный отвод)",
        "price": 0,
        "oldPrice": 0
      },
      {
        "service": "Воронка капельная сдвумя клапанами PROFcool VSP-32 (НС-1299358)",
        "price": 0,
        "oldPrice": 0
      }
    ]
  },
  {
    "category": "Зимний комплект - оборудование для круглогодичной эксплуатации кондиционера",
    "items": [
      {
        "service": "Зимний комплект Ballu «Снегирь» (РДК, обогрев дренажа, обогрев картера)",
        "price": 0,
        "oldPrice": 0
      },
      {
        "service": "Нагреватель дренажа BALLU ND-500мм",
        "price": 0,
        "oldPrice": 0
      },
      {
        "service": "Нагреватель картера компрессора BALLU",
        "price": 0,
        "oldPrice": 0
      },
      {
        "service": "Регулятор давления конденсации SD-1/3U-5A(полупром) (под заказ)",
        "price": 0,
        "oldPrice": 0
      },
      {
        "service": "Установка обогрева дренажа",
        "price": 0,
        "oldPrice": 0
      },
      {
        "service": "Установка обогрева картера компрессора",
        "price": 0,
        "oldPrice": 0
      },
      {
        "service": "Установка РДК (вариатор)",
        "price": 0,
        "oldPrice": 0
      }
    ]
  },
  {
    "category": "Оборудование для бесперебойной работы",
    "items": [
      {
        "service": "Согласователь работы кондиционеров СРК-2.3У",
        "price": 0,
        "oldPrice": 0
      },
      {
        "service": "Базовый блок системы ротации и резервирования БУРР-1М",
        "price": 0,
        "oldPrice": 0
      },
      {
        "service": "Исполнительный блок системы ротации и резервирования БИС-1М",
        "price": 0,
        "oldPrice": 0
      },
      {
        "service": "Установка и настройка системы ротации и резервирования (на 2 блока) (эл. пит. считается отдельно)",
        "price": 0,
        "oldPrice": 0
      }
    ]
  },
  {
    "category": "Металлоконструкции",
    "items": [
      {
        "service": "Козырек BALLU 900*550",
        "price": 0,
        "oldPrice": 0
      },
      {
        "service": "Козырек BALLU 1000*550",
        "price": 0,
        "oldPrice": 0
      },
      {
        "service": "Установка защитного козырька",
        "price": 0,
        "oldPrice": 0
      },
      {
        "service": "Ограждение BALLU 500*1000*600",
        "price": 0,
        "oldPrice": 0
      },
      {
        "service": "Ограждение BALLU 700*1200*1000",
        "price": 0,
        "oldPrice": 0
      },
      {
        "service": "Установка защитного ограждения",
        "price": 0,
        "oldPrice": 0
      },
      {
        "service": "Кронштейны 415*450 (1 пара) ",
        "price": 0,
        "oldPrice": 0
      },
      {
        "service": "Кронштейны 500*600 (1 пара)",
        "price": 0,
        "oldPrice": 0
      },
      {
        "service": "Траверса 1м/п",
        "price": 0,
        "oldPrice": 0
      },
      {
        "service": "Подставка разборная BALLU",
        "price": 0,
        "oldPrice": 0
      },
      {
        "service": "Подставка под наружний блок (комплект 4 шт.) 9898-042-95 (НС-1291251)",
        "price": 0,
        "oldPrice": 0
      },
      {
        "service": "Опоры антивибрационные WT 112 (4шт/компл.) (ножки) НС-1475775",
        "price": 0,
        "oldPrice": 0
      },
      {
        "service": "Комплект виброопор для кондиционера RF-V40P с установкой (НС-1403476)",
        "price": 0,
        "oldPrice": 0
      }
    ]
  },
  {
    "category": "Электрика",
    "items": [
      {
        "service": "Автомат с установкой 1 Фаза¹ ",
        "price": 0,
        "oldPrice": 0
      },
      {
        "service": "Автомат с установкой 3 Фазы¹",
        "price": 0,
        "oldPrice": 0
      }
    ],
    "note": "¹ - при наличии места в эл. щите, подача эл. питания на автомат - силами заказчика.\n* - при отдельной установке доп. оборудования, оплачивается выезд"
  },
  {
    "category": "Демонтажные работы (расчет производится от стоимости стандартного монтажа анлогичной по мощности и типу сплит системы)",
    "items": [
      {
        "service": "Демонтаж кондиционера комплект (кроме канальных конд-ров)",
        "price": 0,
        "oldPrice": 0
      },
      {
        "service": "Демонтаж внутреннего блока (кроме канальных конд-ров) ",
        "price": 0,
        "oldPrice": 0
      },
      {
        "service": "Демонтаж внешнего блока (кроме канальных конд-ров)",
        "price": 0,
        "oldPrice": 0
      },
      {
        "service": "Монтаж кондиционера на проложенные трассы (кронштейны включ)",
        "price": 0,
        "oldPrice": 0
      },
      {
        "service": "Монтаж внутреннего блока на проложенные трассы",
        "price": 0,
        "oldPrice": 0
      },
      {
        "service": "Монтаж внешнего блока на проложенные трассы (кронштейны включены)",
        "price": 0,
        "oldPrice": 0
      }
    ]
  },
  {
    "category": "Заправка кондиционера c ваукуумацией / дозаправка при максимально длинных трассах - только при монтаже новых кондиционеров",
    "items": [
      {
        "service": "Заправка кондиционера фреоном до 5 кВт (до 1,0 кг)",
        "price": 0,
        "oldPrice": 0
      },
      {
        "service": "Заправка кондиционера фреоном 5-8 кВт (до 2,0 кг)",
        "price": 0,
        "oldPrice": 0
      },
      {
        "service": "Заправка кондиционера фреоном 8-18 кВт (до 3,5 кг)",
        "price": 0,
        "oldPrice": 0
      }
    ]
  },
  {
    "category": "Доставка",
    "items": [
      {
        "service": "Кондиционеры объемом 4,5 кВт (настеные)",
        "price": 0,
        "oldPrice": 0
      },
      {
        "service": "Кондиционеры свыше 4,5 кВт в т.ч. полупромышленные",
        "price": 0,
        "oldPrice": 0
      }
    ],
    "note": "1. Стоимость работ и материалов, не вошедших в данный перечень, оговариваются отдельно.\n2. Окончательная стоимость работ по установке оборудования определяется менеджером проекта после выезда на объект.\n* Доставка и подъем оборудования осуществляется заранее до монтажа в согласованный с заказчиком день, непосредственно до места установки (квартира, дом, офис).\n* Отвод дренажа ПВХ трубой (d32, 40) - применяется в основном для монтажа канальных блоков, полупромышленных или общей дренажной системы. 1 м/п включает в себя: 1м трубы d32/40мм, 1 шт. отвод 90º/45º, 1шт. хомут, 1шт. шпильку."
  },
  {
    "category": "Стоимость работ по монтажу приточных очистителей Ballu ONEAIR и аналогов",
    "items": [
      {
        "service": "Стандартный монтаж",
        "price": 0,
        "oldPrice": 0
      },
      {
        "service": "Сложный монтаж с выводом наружной решетки в откос и т.п.",
        "price": 0,
        "oldPrice": 0
      },
      {
        "service": "Монтаж на готовое отверстие, 1-я установка / последующие",
        "price": 0,
        "oldPrice": 0
      }
    ],
    "note": "Стандартный монтаж: -выбор места установки, высота до 1,7 м по центру отверстия -бурение отверстия Ø132мм в стене толщиной до 500мм -тепло-шумоизоляция канала материалом Тилит Супер 89/20мм -установка стандартной наружной вент решетки (Vents MB100) -установку приточного очистителя"
  },
  {
    "category": "Стоимость дополнительных работ",
    "items": [
      {
        "service": "Бурение отверстия в стене толщиной от 500мм до 1000 мм (кроме монолита)",
        "price": 0,
        "oldPrice": 0
      },
      {
        "service": "Дополнительное отверстие (балконная перегородка и т.п.)",
        "price": 0,
        "oldPrice": 0
      },
      {
        "service": "Установка на стену обшитую гипсокартоном \n (МП обязательно оговаривает нюансы такого монтажа: предварительное вскрытие стены для\n обследования ( ≈ отв. 5*5 см.), невозможность установки в случае прохода коммуникаций, бетонной\n стены и т.д.. В случае невозможности монтажа отверстие не заделывается!)",
        "price": 0,
        "oldPrice": 0
      },
      {
        "service": "Установка на высоте более от 1,7 до 3,0 м (по центру отверстия)",
        "price": 0,
        "oldPrice": 0
      },
      {
        "service": "Установка на стену с вент. фасадом (отверстия в материалах типа фиброцемент и т.п.) ",
        "price": 0,
        "oldPrice": 0
      },
      {
        "service": "Установка на стену с вент. фасадом (изготовление отверстия в керамограните + демонтаж/монтаж) *",
        "price": 0,
        "oldPrice": 0
      },
      {
        "service": "Бурение отвесртия с рук (при невозможности крепления станины) / крепление станины шпилькой",
        "price": 0,
        "oldPrice": 0
      },
      {
        "service": "Установка наружной вент решетки с использованием лестницы",
        "price": 0,
        "oldPrice": 0
      },
      {
        "service": "Монтаж на глухой стене высота установки решетки до 8 м\n (МП обязательно согласовывает нахождение клиента на улице в месте высверливания или в расчет\\n добавляются услуги 2-го монтажника.)",
        "price": 0,
        "oldPrice": 0
      },
      {
        "service": "Услуги 2-го монтажника",
        "price": 0,
        "oldPrice": 0
      },
      {
        "service": "Работы альпиниста, кат.1 (вкл. монтаж на глухой стене выше 8 м)",
        "price": 0,
        "oldPrice": 0
      },
      {
        "service": "Прокладка доп. воздуховодов на высоте до 1,7 / от 1,7 до 3,0 м, за1 п/м,",
        "price": 0,
        "oldPrice": 0
      },
      {
        "service": "Прокладка кабеля эл. питания",
        "price": 0,
        "oldPrice": 0
      },
      {
        "service": "Скрытое эл. подключение прибора (только для ASP 200)",
        "price": 0,
        "oldPrice": 0
      },
      {
        "service": "Установка декоративного короба под провод эл. питания (без кабеля)",
        "price": 0,
        "oldPrice": 0
      },
      {
        "service": "Дополнительный выезд при 2-х этапном монтаже (однократный)",
        "price": 0,
        "oldPrice": 0
      },
      {
        "service": "Подъем инструмента и комплектующих (при отсутствии лифта)",
        "price": 0,
        "oldPrice": 0
      },
      {
        "service": "Простой бригады по вине заказчика, за 1 час.",
        "price": 0,
        "oldPrice": 0
      },
      {
        "service": "Монтаж на высоте более 3 м.",
        "price": 0,
        "oldPrice": 0
      }
    ],
    "note": "* - требуется уточнение наличия места и условий для изготовления отверстия в снятой плитке из керамогранита"
  },
  {
    "category": "Стоимость работ по монтажу электрических тепловых завес",
    "items": [
      {
        "service": "Монтаж тепловой завесы мощностью до 9 кВт (без учета монтажа пульта)",
        "price": 0,
        "oldPrice": 0
      },
      {
        "service": "Монтаж тепловой завесы мощностью до 18 кВт (без учета монтажа пульта)",
        "price": 0,
        "oldPrice": 0
      },
      {
        "service": "Монтаж тепловой завесы мощностью до 36 кВт (без учета монтажа пульта)",
        "price": 0,
        "oldPrice": 0
      }
    ]
  },
  {
    "category": "Стоимость услуг сервисного обслуживания систем кондиционирования",
    "items": [
      {
        "service": "Настенные сплит системы (1 наружный + 1 внутренний блоки)",
        "price": 0,
        "oldPrice": 0
      },
      {
        "service": "Диагностика кондиционера",
        "price": 0,
        "oldPrice": 0
      },
      {
        "service": "ТО сплит системы (внутренний+внешний блок) < 5,5 кВт",
        "price": 0,
        "oldPrice": 0
      },
      {
        "service": "ТО сплит системы (внутренний+внешний блок) > 5,5 кВт",
        "price": 0,
        "oldPrice": 0
      },
      {
        "service": "ТО сплит системы c разбором внутреннеого блока (внутренний+внешний блок) < 5,5 кВт",
        "price": 0,
        "oldPrice": 0
      },
      {
        "service": "ТО сплит системы c разбором внутреннеого блока (внутренний+внешний блок) > 5,5 кВт",
        "price": 0,
        "oldPrice": 0
      },
      {
        "service": "ТО внутреннего блока (настенного типа) < 5,5 кВт",
        "price": 0,
        "oldPrice": 0
      },
      {
        "service": "ТО внутреннего блока (настенного типа) > 5,5 кВт",
        "price": 0,
        "oldPrice": 0
      },
      {
        "service": "ТО внутреннего блока c разбором внутреннеого блока (настенного типа) < 5,5 кВт",
        "price": 0,
        "oldPrice": 0
      },
      {
        "service": "ТО внутреннего блока c разбором внутреннеого блока (настенного типа) > 5,5 кВт",
        "price": 0,
        "oldPrice": 0
      },
      {
        "service": "Дополнительная чистка внутренего блока парогенератором < 5,5 кВт",
        "price": 0,
        "oldPrice": 0
      },
      {
        "service": "Дополнительная чистка внутренего блока парогенератором > 5,5 кВт",
        "price": 0,
        "oldPrice": 0
      },
      {
        "service": "Дополнительная чистка наружного блока сжатым воздухом",
        "price": 0,
        "oldPrice": 0
      },
      {
        "service": "Дополнительная чистка наружного блока, мойкой выс. давл. (при возможности выполнения таких работ)",
        "price": 0,
        "oldPrice": 0
      }
    ]
  },
  {
    "category": "Мульти-сплит системы",
    "items": [
      {
        "service": "Диагностика наружного блока мульти-системы",
        "price": 0,
        "oldPrice": 0
      },
      {
        "service": "Диагностика одной еденицы внутренних блоков",
        "price": 0,
        "oldPrice": 0
      },
      {
        "service": "ТО наружного блока мульти-системы до 5,5 кВт",
        "price": 0,
        "oldPrice": 0
      },
      {
        "service": "ТО наружного блока мульти-системы до 10 кВт",
        "price": 0,
        "oldPrice": 0
      },
      {
        "service": "ТО наружного блока мульти-системы до 16 кВт",
        "price": 0,
        "oldPrice": 0
      }
    ]
  },
  {
    "category": "Мультизональные системы VRV, VRF, RMX",
    "items": [
      {
        "service": "Диагностика наружного блока (ведущего)",
        "price": 0,
        "oldPrice": 0
      },
      {
        "service": "Диагностика наружного блока (ведомого)",
        "price": 0,
        "oldPrice": 0
      },
      {
        "service": "Диагностика внутреннего блока",
        "price": 0,
        "oldPrice": 0
      },
      {
        "service": "ТО наружного блока VRV, ККБ систем (до 15,0 кВт.)",
        "price": 0,
        "oldPrice": 0
      },
      {
        "service": "ТО наружного блока VRV, ККБ систем (от 15,0 кВт до 35кВт)",
        "price": 0,
        "oldPrice": 0
      },
      {
        "service": "ТО наружного блока VRV, ККБ систем (от 35,0 кВт до 50 кВт)",
        "price": 0,
        "oldPrice": 0
      },
      {
        "service": "ТО внутреннего блока (настенного типа) < 5,5 кВт",
        "price": 0,
        "oldPrice": 0
      },
      {
        "service": "ТО внутреннего блока (настенного типа) > 5,5 кВт",
        "price": 0,
        "oldPrice": 0
      },
      {
        "service": "ТО внутреннего блока c разбором внутреннеого блока (настенного типа) < 5,5 кВт",
        "price": 0,
        "oldPrice": 0
      },
      {
        "service": "ТО внутреннего блока c разбором внутреннеого блока (настенного типа) > 5,5 кВт",
        "price": 0,
        "oldPrice": 0
      },
      {
        "service": "ТО внутреннего блока (нап-потолочный, кассетный, канальный тип)",
        "price": 0,
        "oldPrice": 0
      },
      {
        "service": "ТО внутреннего блока c разбором внутреннеого блока (нап-потолочный, кассетный, канальный тип)",
        "price": 0,
        "oldPrice": 0
      },
      {
        "service": "Дополнительная чистка внутренего блока парогенератором < 5,5 кВт",
        "price": 0,
        "oldPrice": 0
      },
      {
        "service": "Дополнительная чистка внутренего блока парогенератором > 5,5 кВт",
        "price": 0,
        "oldPrice": 0
      },
      {
        "service": "Дополнительная чистка внутреннего блока парогенератором (нап-потолочный, кассетный, канальный тип)",
        "price": 0,
        "oldPrice": 0
      },
      {
        "service": "Дополнительная чистка наружного блока сжатым воздухом",
        "price": 0,
        "oldPrice": 0
      },
      {
        "service": "Дополнительная чистка наружного блока, мойкой выс. давл. (при возможности выполнения таких работ)",
        "price": 0,
        "oldPrice": 0
      },
      {
        "service": "Регулировка настроек параметров управления и консультация по эксплуатации системы",
        "price": 0,
        "oldPrice": 0
      },
      {
        "service": "Заправка системы хладагентом (стоимость фреона не включена)",
        "price": 0,
        "oldPrice": 0
      },
      {
        "service": "Фреон, 1 кг.",
        "price": 0,
        "oldPrice": 0
      }
    ]
  },
  {
    "category": "Ремонтно-восстановительные и прочие работы",
    "items": [
      {
        "service": "ТО дренажного насоса",
        "price": 0,
        "oldPrice": 0
      },
      {
        "service": "Демонтаж дренажного насоса",
        "price": 0,
        "oldPrice": 0
      },
      {
        "service": "Ремонт дренажного насоса (демонтаж/монтаж не входит)",
        "price": 0,
        "oldPrice": 0
      },
      {
        "service": "Регулировка настроек параметров управления и консультация по эксплуатации системы",
        "price": 0,
        "oldPrice": 0
      },
      {
        "service": "Поиск/устранение утечки (1 трасса) ",
        "price": 0,
        "oldPrice": 0
      },
      {
        "service": "Замена 1-го вальцовочного соединения",
        "price": 0,
        "oldPrice": 0
      },
      {
        "service": "Опрессовка системы 1-й трассы",
        "price": 0,
        "oldPrice": 0
      },
      {
        "service": "Работы по замене компрессора, материалы не включены",
        "price": 0,
        "oldPrice": 0
      },
      {
        "service": "Замена пускового конденсатора ( зап.часть + замена)",
        "price": 0,
        "oldPrice": 0
      },
      {
        "service": "Замена вентилятора наружного блока (без учета диагностики и стоимост запчасти)",
        "price": 0,
        "oldPrice": 0
      },
      {
        "service": "Ремонт платы внутреннего/наружного блока",
        "price": 0,
        "oldPrice": 0
      },
      {
        "service": "Замена пульта д/у",
        "price": 0,
        "oldPrice": 0
      }
    ]
  },
  {
    "category": "Транспортные расходы",
    "items": [
      {
        "service": "Выезд монтажной бригады (1 бригада)",
        "price": 0,
        "oldPrice": 0
      },
      {
        "service": "Выезд инженера на диагностику (2 н/ч)",
        "price": 0,
        "oldPrice": 0
      },
      {
        "service": "Выезд МП ",
        "price": 0,
        "oldPrice": 0
      },
      {
        "service": "Выезд МП (вентиляция и объекты с большим кол-вом оборудования установленного сторонними организация",
        "price": 0,
        "oldPrice": 0
      }
    ]
  }
]